Workbook

Sheet Venues
A1: NYC Off Tech — Event Venues & Places
A2: All 27 issues, Oct 2, 2025 – Oct 16, 2026 · 796 venue references · 168 distinct venues/places. Counts and dates are live formulas on the Reference Log tab.
A4: Rank | B4: Venue / place | C4: Type | D4: Area / address | E4: Times referenced (event listings) | F4: Issues referencing | G4: First referenced (issue) | H4: Most recent reference (issue) | I4: Latest event date listed | J4: Most recent event listed | K4: Most common host | L4: Host listings (top / with host named)
A5: 1 | B5: Tompkins Square Park | C5: Park / public space | D5: East Village, Manhattan | E5: =COUNTIF('Reference Log'!$E$2:$E$797,B5) -> 106 | F5: =SUMIFS('Reference Log'!$J$2:$J$797,'Reference Log'!$E$2:$E$797,B5) -> 18 | G5: =_xlfn.MINIFS('Reference Log'!$A$2:$A$797,'Reference Log'!$E$2:$E$797,B5) -> 45932 | H5: =_xlfn.MAXIFS('Reference Log'!$A$2:$A$797,'Reference Log'!$E$2:$E$797,B5) -> 46311 | I5: =_xlfn.MAXIFS('Reference Log'!$D$2:$D$797,'Reference Log'!$E$2:$E$797,B5) -> 46326 | J5: Tompkins Distro (weekly) | K5: Summer of Ludd | L5: 57 of 88
A6: 2 | B6: Strother School of Radical Attention (SoRA) | C6: Arts / community space | D6: DUMBO, Brooklyn (listed as 'DUMBO') | E6: =COUNTIF('Reference Log'!$E$2:$E$797,B6) -> 67 | F6: =SUMIFS('Reference Log'!$J$2:$J$797,'Reference Log'!$E$2:$E$797,B6) -> 24 | G6: =_xlfn.MINIFS('Reference Log'!$A$2:$A$797,'Reference Log'!$E$2:$E$797,B6) -> 45932 | H6: =_xlfn.MAXIFS('Reference Log'!$A$2:$A$797,'Reference Log'!$E$2:$E$797,B6) -> 46311 | I6: =_xlfn.MAXIFS('Reference Log'!$D$2:$D$797,'Reference Log'!$E$2:$E$797,B6) -> 46325 | J6: The Dance of an Open Mind: Toni Morrison's Radical Attentions | K6: School of Radical Attention (SoRA) | L6: 57 of 65
A7: 3 | B7: Stavros Niarchos Foundation Library (NYPL) | C7: Library | D7: Midtown, Manhattan | E7: =COUNTIF('Reference Log'!$E$2:$E$797,B7) -> 44 | F7: =SUMIFS('Reference Log'!$J$2:$J$797,'Reference Log'!$E$2:$E$797,B7) -> 24 | G7: =_xlfn.MINIFS('Reference Log'!$A$2:$A$797,'Reference Log'!$E$2:$E$797,B7) -> 45932 | H7: =_xlfn.MAXIFS('Reference Log'!$A$2:$A$797,'Reference Log'!$E$2:$E$797,B7) -> 46311 | I7: =_xlfn.MAXIFS('Reference Log'!$D$2:$D$797,'Reference Log'!$E$2:$E$797,B7) -> 46325 | J7: Crafternoon (weekly) | K7: NYPL Offline Book Club | L7: 21 of 43
A8: 4 | B8: Undisclosed address — Crown Heights | C8: Undisclosed (neighborhood only) | D8: Crown Heights | E8: =COUNTIF('Reference Log'!$E$2:$E$797,B8) -> 31 | F8: =SUMIFS('Reference Log'!$J$2:$J$797,'Reference Log'!$E$2:$E$797,B8) -> 16 | G8: =_xlfn.MINIFS('Reference Log'!$A$2:$A$797,'Reference Log'!$E$2:$E$797,B8) -> 45932 | H8: =_xlfn.MAXIFS('Reference Log'!$A$2:$A$797,'Reference Log'!$E$2:$E$797,B8) -> 46311 | I8: =_xlfn.MAXIFS('Reference Log'!$D$2:$D$797,'Reference Log'!$E$2:$E$797,B8) -> 46324 | J8: Crown Heights Silent Reading (weekly) | K8: Connor Griffin | L8: 20 of 26
A9: 5 | B9: Prospect Park (incl. Boathouse, Fallkill Falls, Rose Garden) | C9: Park / public space | D9: Brooklyn | E9: =COUNTIF('Reference Log'!$E$2:$E$797,B9) -> 31 | F9: =SUMIFS('Reference Log'!$J$2:$J$797,'Reference Log'!$E$2:$E$797,B9) -> 14 | G9: =_xlfn.MINIFS('Reference Log'!$A$2:$A$797,'Reference Log'!$E$2:$E$797,B9) -> 45932 | H9: =_xlfn.MAXIFS('Reference Log'!$A$2:$A$797,'Reference Log'!$E$2:$E$797,B9) -> 46311 | I9: =_xlfn.MAXIFS('Reference Log'!$D$2:$D$797,'Reference Log'!$E$2:$E$797,B9) -> 46333 | J9: Pirates of Prospect Park Annual Treasure Hunt | K9: Kyle Barnes / Chimeras Collective | L9: 6 of 15
A10: 6 | B10: 15th Street Quaker Meeting House (15 Rutherford Pl.) | C10: Church / meeting house | D10: Stuyvesant Square, Manhattan | E10: =COUNTIF('Reference Log'!$E$2:$E$797,B10) -> 24 | F10: =SUMIFS('Reference Log'!$J$2:$J$797,'Reference Log'!$E$2:$E$797,B10) -> 12 | G10: =_xlfn.MINIFS('Reference Log'!$A$2:$A$797,'Reference Log'!$E$2:$E$797,B10) -> 46083 | H10: =_xlfn.MAXIFS('Reference Log'!$A$2:$A$797,'Reference Log'!$E$2:$E$797,B10) -> 46296 | I10: =_xlfn.MAXIFS('Reference Log'!$D$2:$D$797,'Reference Log'!$E$2:$E$797,B10) -> 46299 | J10: The Art of Leonard Peltier Comes to NYC | K10: Summer of Ludd | L10: 9 of 21
A11: 7 | B11: Undisclosed address — Bushwick | C11: Undisclosed (neighborhood only) | D11: Bushwick | E11: =COUNTIF('Reference Log'!$E$2:$E$797,B11) -> 23 | F11: =SUMIFS('Reference Log'!$J$2:$J$797,'Reference Log'!$E$2:$E$797,B11) -> 17 | G11: =_xlfn.MINIFS('Reference Log'!$A$2:$A$797,'Reference Log'!$E$2:$E$797,B11) -> 45962 | H11: =_xlfn.MAXIFS('Reference Log'!$A$2:$A$797,'Reference Log'!$E$2:$E$797,B11) -> 46311 | I11: =_xlfn.MAXIFS('Reference Log'!$D$2:$D$797,'Reference Log'!$E$2:$E$797,B11) -> 46327 | J11: Songwriting Circle | K11: Rebecca Lipsitch (How Do We Play) | L11: 14 of 21
A12: 8 | B12: Washington Square Park | C12: Park / public space | D12: Greenwich Village, Manhattan | E12: =COUNTIF('Reference Log'!$E$2:$E$797,B12) -> 22 | F12: =SUMIFS('Reference Log'!$J$2:$J$797,'Reference Log'!$E$2:$E$797,B12) -> 17 | G12: =_xlfn.MINIFS('Reference Log'!$A$2:$A$797,'Reference Log'!$E$2:$E$797,B12) -> 45932 | H12: =_xlfn.MAXIFS('Reference Log'!$A$2:$A$797,'Reference Log'!$E$2:$E$797,B12) -> 46279 | I12: =_xlfn.MAXIFS('Reference Log'!$D$2:$D$797,'Reference Log'!$E$2:$E$797,B12) -> 46291 | J12: Washington Square Mass Read-in | K12: Young People's Alliance & friends (tied, 5 hosts) | L12: 2 of 16
A13: 9 | B13: telos.haus | C13: Arts / community space | D13: Brooklyn | E13: =COUNTIF('Reference Log'!$E$2:$E$797,B13) -> 22 | F13: =SUMIFS('Reference Log'!$J$2:$J$797,'Reference Log'!$E$2:$E$797,B13) -> 16 | G13: =_xlfn.MINIFS('Reference Log'!$A$2:$A$797,'Reference Log'!$E$2:$E$797,B13) -> 45975 | H13: =_xlfn.MAXIFS('Reference Log'!$A$2:$A$797,'Reference Log'!$E$2:$E$797,B13) -> 46235 | I13: =_xlfn.MAXIFS('Reference Log'!$D$2:$D$797,'Reference Log'!$E$2:$E$797,B13) -> 46244 | J13: MO Gallery Exhibition (Free Offline Expo) | K13: NYC offline community (Let's Get Off Together) | L13: 7 of 19
A14: 10 | B14: Fort Greene Park | C14: Park / public space | D14: Fort Greene, Brooklyn | E14: =COUNTIF('Reference Log'!$E$2:$E$797,B14) -> 19 | F14: =SUMIFS('Reference Log'!$J$2:$J$797,'Reference Log'!$E$2:$E$797,B14) -> 10 | G14: =_xlfn.MINIFS('Reference Log'!$A$2:$A$797,'Reference Log'!$E$2:$E$797,B14) -> 45932 | H14: =_xlfn.MAXIFS('Reference Log'!$A$2:$A$797,'Reference Log'!$E$2:$E$797,B14) -> 46311 | I14: =_xlfn.MAXIFS('Reference Log'!$D$2:$D$797,'Reference Log'!$E$2:$E$797,B14) -> 46321 | J14: Falling Leaves Moon | K14: Kyle Barnes / Chimeras Collective | L14: 4 of 9
A15: 11 | B15: Undisclosed address — Fort Greene | C15: Undisclosed (neighborhood only) | D15: Fort Greene | E15: =COUNTIF('Reference Log'!$E$2:$E$797,B15) -> 17 | F15: =SUMIFS('Reference Log'!$J$2:$J$797,'Reference Log'!$E$2:$E$797,B15) -> 17 | G15: =_xlfn.MINIFS('Reference Log'!$A$2:$A$797,'Reference Log'!$E$2:$E$797,B15) -> 46004 | H15: =_xlfn.MAXIFS('Reference Log'!$A$2:$A$797,'Reference Log'!$E$2:$E$797,B15) -> 46311 | I15: =_xlfn.MAXIFS('Reference Log'!$D$2:$D$797,'Reference Log'!$E$2:$E$797,B15) -> 46323 | J15: Phone-Free Adelphi (weekly) | K15: Dan Fox (Phone-Free Adelphi) | L15: 17 of 17
A16: 12 | B16: Brooklyn Public Library – Central Library | C16: Library | D16: Grand Army Plaza, Brooklyn | E16: =COUNTIF('Reference Log'!$E$2:$E$797,B16) -> 14 | F16: =SUMIFS('Reference Log'!$J$2:$J$797,'Reference Log'!$E$2:$E$797,B16) -> 11 | G16: =_xlfn.MINIFS('Reference Log'!$A$2:$A$797,'Reference Log'!$E$2:$E$797,B16) -> 45932 | H16: =_xlfn.MAXIFS('Reference Log'!$A$2:$A$797,'Reference Log'!$E$2:$E$797,B16) -> 46279 | I16: =_xlfn.MAXIFS('Reference Log'!$D$2:$D$797,'Reference Log'!$E$2:$E$797,B16) -> 46284 | J16: AI and You | K16: Brooklyn Luddite Club | L16: 6 of 13
... A172: 168 | B172: Zuccotti Park | C172: Park / public space | D172: FiDi, Manhattan | E172: =COUNTIF('Reference Log'!$E$2:$E$797,B172) -> 1 | F172: =SUMIFS('Reference Log'!$J$2:$J$797,'Reference Log'!$E$2:$E$797,B172) -> 1 | G172: =_xlfn.MINIFS('Reference Log'!$A$2:$A$797,'Reference Log'!$E$2:$E$797,B172) -> 46099 | H172: =_xlfn.MAXIFS('Reference Log'!$A$2:$A$797,'Reference Log'!$E$2:$E$797,B172) -> 46099 | I172: =_xlfn.MAXIFS('Reference Log'!$D$2:$D$797,'Reference Log'!$E$2:$E$797,B172) -> 46113 | J172: St. Stupid's Day Parade | K172: Rude Mechanical Orchestra | L172: 1 of 1
A174: Note: 'Most common host' and 'Most recent event listed' are computed from the Reference Log at build time (not live formulas). Grey rows = organizer withheld the address and gave only a neighborhood.

Sheet Reference Log
A1: Issue date | B1: Issue | C1: Event | D1: Event date | E1: Venue | F1: Venue type | G1: Area / address | H1: Host (as listed) | I1: Issue link | J1: First mention in issue? (1/0)
A2: 45932 | B2: NYC Off Tech — OCTOBER (2025) | C2: Reconnect Phone-Free Field Trip | D2: 45934 | E2: Governors Island | F2: Park / public space | G2: Manhattan | H2: Reconnect | I2: https://buttondown.com/nycofftech/archive/nyc-off-tech-october/ | J2: =IF(COUNTIFS($E$2:E2,E2,$A$2:A2,A2)=1,1,0) -> 1
A3: 45932 | B3: NYC Off Tech — OCTOBER (2025) | C3: Harvest Moon Party | D3: 45937 | E3: Fort Greene Park | F3: Park / public space | G3: Fort Greene, Brooklyn | H3: Kyle Barnes / Chimeras Collective | I3: https://buttondown.com/nycofftech/archive/nyc-off-tech-october/ | J3: =IF(COUNTIFS($E$2:E3,E3,$A$2:A3,A3)=1,1,0) -> 1
A4: 45932 | B4: NYC Off Tech — OCTOBER (2025) | C4: SoRA Attention Lab "COALITION" | D4: 45937 | E4: Strother School of Radical Attention (SoRA) | F4: Arts / community space | G4: DUMBO, Brooklyn (listed as 'DUMBO') | H4: School of Radical Attention (SoRA) | I4: https://buttondown.com/nycofftech/archive/nyc-off-tech-october/ | J4: =IF(COUNTIFS($E$2:E4,E4,$A$2:A4,A4)=1,1,0) -> 1
A5: 45932 | B5: NYC Off Tech — OCTOBER (2025) | C5: ENSHITTIFICATION w/ Cory Doctorow & Lina Khan | D5: 45939 | E5: Brooklyn Public Library – Central Library | F5: Library | G5: Grand Army Plaza, Brooklyn | I5: https://buttondown.com/nycofftech/archive/nyc-off-tech-october/ | J5: =IF(COUNTIFS($E$2:E5,E5,$A$2:A5,A5)=1,1,0) -> 1
A6: 45932 | B6: NYC Off Tech — OCTOBER (2025) | C6: DELETE DAY | D6: 45940 | E6: Tompkins Square Park | F6: Park / public space | G6: East Village, Manhattan | H6: Time to Refuse | I6: https://buttondown.com/nycofftech/archive/nyc-off-tech-october/ | J6: =IF(COUNTIFS($E$2:E6,E6,$A$2:A6,A6)=1,1,0) -> 1
A7: 45932 | B7: NYC Off Tech — OCTOBER (2025) | C7: Say Hi IRL (tabling) | D7: 45944 | E7: Washington Square Park | F7: Park / public space | G7: Greenwich Village, Manhattan | H7: NYC Off Tech organizers | I7: https://buttondown.com/nycofftech/archive/nyc-off-tech-october/ | J7: =IF(COUNTIFS($E$2:E7,E7,$A$2:A7,A7)=1,1,0) -> 1
A8: 45932 | B8: NYC Off Tech — OCTOBER (2025) | C8: Come Say Hi to Friend AI | D8: 45949 | E8: Father Demo Square | F8: Park / public space | G8: 6th Ave & Bleecker, Manhattan | I8: https://buttondown.com/nycofftech/archive/nyc-off-tech-october/ | J8: =IF(COUNTIFS($E$2:E8,E8,$A$2:A8,A8)=1,1,0) -> 1
A9: 45932 | B9: NYC Off Tech — OCTOBER (2025) | C9: 'Monthly Molting' Ecology Workshop | D9: 45949 | E9: Prospect Park (incl. Boathouse, Fallkill Falls, Rose Garden) | F9: Park / public space | G9: Brooklyn | I9: https://buttondown.com/nycofftech/archive/nyc-off-tech-october/ | J9: =IF(COUNTIFS($E$2:E9,E9,$A$2:A9,A9)=1,1,0) -> 1
A10: 45932 | B10: NYC Off Tech — OCTOBER (2025) | C10: Offline Book Club: Superbloom | D10: 45953 | E10: Stavros Niarchos Foundation Library (NYPL) | F10: Library | G10: Midtown, Manhattan | H10: NYPL Offline Book Club | I10: https://buttondown.com/nycofftech/archive/nyc-off-tech-october/ | J10: =IF(COUNTIFS($E$2:E10,E10,$A$2:A10,A10)=1,1,0) -> 1
A11: 45932 | B11: NYC Off Tech — OCTOBER (2025) | C11: BOYB: Bring Your Own Book | D11: 45953 | E11: Undisclosed address — Crown Heights | F11: Undisclosed (neighborhood only) | G11: Crown Heights | H11: Connor Griffin | I11: https://buttondown.com/nycofftech/archive/nyc-off-tech-october/ | J11: =IF(COUNTIFS($E$2:E11,E11,$A$2:A11,A11)=1,1,0) -> 1
A12: 45932 | B12: NYC Off Tech — OCTOBER (2025) | C12: Attention Potlucks | D12: 45954 | E12: Undisclosed address — Crown Heights | F12: Undisclosed (neighborhood only) | G12: Crown Heights | H12: Connor Griffin | I12: https://buttondown.com/nycofftech/archive/nyc-off-tech-october/ | J12: =IF(COUNTIFS($E$2:E12,E12,$A$2:A12,A12)=1,1,0) -> 0
A13: 45932 | B13: NYC Off Tech — OCTOBER (2025) | C13: McGolrick Park Bird Club | D13: 45955 | E13: McGolrick Park | F13: Park / public space | G13: Greenpoint, Brooklyn | I13: https://buttondown.com/nycofftech/archive/nyc-off-tech-october/ | J13: =IF(COUNTIFS($E$2:E13,E13,$A$2:A13,A13)=1,1,0) -> 1
A14: 45932 | B14: NYC Off Tech — OCTOBER (2025) | C14: Community-Building Meditation | D14: 45957 | E14: Undisclosed address — Crown Heights | F14: Undisclosed (neighborhood only) | G14: Crown Heights | H14: Phil Nguyen | I14: https://buttondown.com/nycofftech/archive/nyc-off-tech-october/ | J14: =IF(COUNTIFS($E$2:E14,E14,$A$2:A14,A14)=1,1,0) -> 0
A15: 45932 | B15: NYC Off Tech — OCTOBER (2025) | C15: Pop-Up Spooky Walk | D15: 45961 | E15: Tompkins Square Park | F15: Park / public space | G15: East Village, Manhattan | I15: https://buttondown.com/nycofftech/archive/nyc-off-tech-october/ | J15: =IF(COUNTIFS($E$2:E15,E15,$A$2:A15,A15)=1,1,0) -> 0
A16: 45932 | B16: NYC Off Tech — OCTOBER (2025) | C16: RETOOLING | D16: 45962 | E16: Undisclosed address — Williamsburg | F16: Undisclosed (neighborhood only) | G16: Williamsburg | I16: https://buttondown.com/nycofftech/archive/nyc-off-tech-october/ | J16: =IF(COUNTIFS($E$2:E16,E16,$A$2:A16,A16)=1,1,0) -> 1
A17: 45947 | B17: NYC Off Tech Mid-October Updates (2025) | C17: Come Say Hi to Friend AI | D17: 45949 | E17: Father Demo Square | F17: Park / public space | G17: 6th Ave & Bleecker, Manhattan | I17: https://buttondown.com/nycofftech/archive/nyc-off-tech-mid-october-updates/ | J17: =IF(COUNTIFS($E$2:E17,E17,$A$2:A17,A17)=1,1,0) -> 1
A18: 45947 | B18: NYC Off Tech Mid-October Updates (2025) | C18: Pop-Up Spooky Walk | D18: 45961 | E18: Tompkins Square Park | F18: Park / public space | G18: East Village, Manhattan | I18: https://buttondown.com/nycofftech/archive/nyc-off-tech-mid-october-updates/ | J18: =IF(COUNTIFS($E$2:E18,E18,$A$2:A18,A18)=1,1,0) -> 1
A19: 45947 | B19: NYC Off Tech Mid-October Updates (2025) | C19: RETOOLING | D19: 45962 | E19: Madison Square Park | F19: Park / public space | G19: Flatiron, Manhattan | I19: https://buttondown.com/nycofftech/archive/nyc-off-tech-mid-october-updates/ | J19: =IF(COUNTIFS($E$2:E19,E19,$A$2:A19,A19)=1,1,0) -> 1
A20: 45962 | B20: NYC Off Tech — NOVEMBER | C20: RETOOLING | D20: 45962 | E20: Madison Square Park | F20: Park / public space | G20: Flatiron, Manhattan | I20: https://buttondown.com/nycofftech/archive/nyc-off-tech-november/ | J20: =IF(COUNTIFS($E$2:E20,E20,$A$2:A20,A20)=1,1,0) -> 1
A21: 45962 | B21: NYC Off Tech — NOVEMBER | C21: SoRA Attention Lab "COALITION" | D21: 45963 | E21: Strother School of Radical Attention (SoRA) | F21: Arts / community space | G21: DUMBO, Brooklyn (listed as 'DUMBO') | H21: School of Radical Attention (SoRA) | I21: https://buttondown.com/nycofftech/archive/nyc-off-tech-november/ | J21: =IF(COUNTIFS($E$2:E21,E21,$A$2:A21,A21)=1,1,0) -> 1
A22: 45962 | B22: NYC Off Tech — NOVEMBER | C22: Intentional Tech Use: Community Discussion | D22: 45963 | E22: XRoads Cafe Bushwick | F22: Cafe / bar / restaurant | G22: Bushwick, Brooklyn | H22: Logina Mostafa & Connor Griffin | I22: https://buttondown.com/nycofftech/archive/nyc-off-tech-november/ | J22: =IF(COUNTIFS($E$2:E22,E22,$A$2:A22,A22)=1,1,0) -> 1
A23: 45962 | B23: NYC Off Tech — NOVEMBER | C23: PSYCHIATRIST & SNACKS | D23: 45967 | E23: Undisclosed address — Bushwick | F23: Undisclosed (neighborhood only) | G23: Bushwick | H23: Rebecca Lipsitch (How Do We Play) | I23: https://buttondown.com/nycofftech/archive/nyc-off-tech-november/ | J23: =IF(COUNTIFS($E$2:E23,E23,$A$2:A23,A23)=1,1,0) -> 1
A24: 45962 | B24: NYC Off Tech — NOVEMBER | C24: You Don't Need a Smartphone | D24: 45967 | E24: Washington Square Park | F24: Park / public space | G24: Greenwich Village, Manhattan | H24: August Lamm & friends | I24: https://buttondown.com/nycofftech/archive/nyc-off-tech-november/ | J24: =IF(COUNTIFS($E$2:E24,E24,$A$2:A24,A24)=1,1,0) -> 1
A25: 45962 | B25: NYC Off Tech — NOVEMBER | C25: New Luddism conference | D25: 45968 | E25: Columbia University (incl. The Forum / Bollinger Forum) | F25: University | G25: Morningside Heights, Manhattan | I25: https://buttondown.com/nycofftech/archive/nyc-off-tech-november/ | J25: =IF(COUNTIFS($E$2:E25,E25,$A$2:A25,A25)=1,1,0) -> 1
A26: 45962 | B26: NYC Off Tech — NOVEMBER | C26: Beaver Moon Party | D26: 45968 | E26: Undisclosed address — Park Slope | F26: Undisclosed (neighborhood only) | G26: Park Slope | H26: Kyle Barnes / Chimeras Collective | I26: https://buttondown.com/nycofftech/archive/nyc-off-tech-november/ | J26: =IF(COUNTIFS($E$2:E26,E26,$A$2:A26,A26)=1,1,0) -> 1
A27: 45962 | B27: NYC Off Tech — NOVEMBER | C27: ScreenMime | D27: 45969 | E27: Apple Store Fifth Avenue ('the Cube') | F27: Retail (protest site) | G27: Fifth Ave & Central Park S, Manhattan | I27: https://buttondown.com/nycofftech/archive/nyc-off-tech-november/ | J27: =IF(COUNTIFS($E$2:E27,E27,$A$2:A27,A27)=1,1,0) -> 1
A28: 45962 | B28: NYC Off Tech — NOVEMBER | C28: M.A.G.L.A.R.&O! | D28: 45970 | E28: Undisclosed address — Crown Heights | F28: Undisclosed (neighborhood only) | G28: Crown Heights | H28: M.A.G.L.A.R.O! | I28: https://buttondown.com/nycofftech/archive/nyc-off-tech-november/ | J28: =IF(COUNTIFS($E$2:E28,E28,$A$2:A28,A28)=1,1,0) -> 1
A29: 45962 | B29: NYC Off Tech — NOVEMBER | C29: Study Corps: Poetry Intervention | D29: 45972 | E29: Rockefeller Center | F29: Park / public space | G29: Midtown, Manhattan | H29: SoRA Study Corps | I29: https://buttondown.com/nycofftech/archive/nyc-off-tech-november/ | J29: =IF(COUNTIFS($E$2:E29,E29,$A$2:A29,A29)=1,1,0) -> 1
A30: 45962 | B30: NYC Off Tech — NOVEMBER | C30: BE A NEW YORKER 101 | D30: 45976 | E30: Tompkins Square Park | F30: Park / public space | G30: East Village, Manhattan | H30: Lamp Club | I30: https://buttondown.com/nycofftech/archive/nyc-off-tech-november/ | J30: =IF(COUNTIFS($E$2:E30,E30,$A$2:A30,A30)=1,1,0) -> 1
A31: 45962 | B31: NYC Off Tech — NOVEMBER | C31: Passion Party: Parallel Play | D31: 45979 | E31: Undisclosed address — Bushwick | F31: Undisclosed (neighborhood only) | G31: Bushwick | H31: Rebecca Lipsitch (How Do We Play) | I31: https://buttondown.com/nycofftech/archive/nyc-off-tech-november/ | J31: =IF(COUNTIFS($E$2:E31,E31,$A$2:A31,A31)=1,1,0) -> 0
A32: 45962 | B32: NYC Off Tech — NOVEMBER | C32: SoRA Train-the-Trainer | D32: 45980 | E32: Strother School of Radical Attention (SoRA) | F32: Arts / community space | G32: DUMBO, Brooklyn (listed as 'DUMBO') | H32: School of Radical Attention (SoRA) | I32: https://buttondown.com/nycofftech/archive/nyc-off-tech-november/ | J32: =IF(COUNTIFS($E$2:E32,E32,$A$2:A32,A32)=1,1,0) -> 0
A33: 45962 | B33: NYC Off Tech — NOVEMBER | C33: Offline Book Club: Filterworld | D33: 45981 | E33: Stavros Niarchos Foundation Library (NYPL) | F33: Library | G33: Midtown, Manhattan | H33: NYPL Offline Book Club | I33: https://buttondown.com/nycofftech/archive/nyc-off-tech-november/ | J33: =IF(COUNTIFS($E$2:E33,E33,$A$2:A33,A33)=1,1,0) -> 1
A34: 45962 | B34: NYC Off Tech — NOVEMBER | C34: Attention Lab SANCTUARY | D34: 45981 | E34: Strother School of Radical Attention (SoRA) | F34: Arts / community space | G34: DUMBO, Brooklyn (listed as 'DUMBO') | H34: School of Radical Attention (SoRA) | I34: https://buttondown.com/nycofftech/archive/nyc-off-tech-november/ | J34: =IF(COUNTIFS($E$2:E34,E34,$A$2:A34,A34)=1,1,0) -> 0
A35: 45962 | B35: NYC Off Tech — NOVEMBER | C35: 'Monthly Molting' Ecology Workshop | D35: 45984 | E35: Prospect Park (incl. Boathouse, Fallkill Falls, Rose Garden) | F35: Park / public space | G35: Brooklyn | H35: Kyle Barnes / Chimeras Collective | I35: https://buttondown.com/nycofftech/archive/nyc-off-tech-november/ | J35: =IF(COUNTIFS($E$2:E35,E35,$A$2:A35,A35)=1,1,0) -> 1
A36: 45962 | B36: NYC Off Tech — NOVEMBER | C36: Awareness-Building Meditation | D36: 45985 | E36: Undisclosed address — Crown Heights | F36: Undisclosed (neighborhood only) | G36: Crown Heights | H36: Phil Nguyen | I36: https://buttondown.com/nycofftech/archive/nyc-off-tech-november/ | J36: =IF(COUNTIFS($E$2:E36,E36,$A$2:A36,A36)=1,1,0) -> 0
A37: 45962 | B37: NYC Off Tech — NOVEMBER | C37: BYOB: Bring Your Own Book | D37: 45986 | E37: Undisclosed address — Crown Heights | F37: Undisclosed (neighborhood only) | G37: Crown Heights | H37: Connor Griffin | I37: https://buttondown.com/nycofftech/archive/nyc-off-tech-november/ | J37: =IF(COUNTIFS($E$2:E37,E37,$A$2:A37,A37)=1,1,0) -> 0
A38: 45962 | B38: NYC Off Tech — NOVEMBER | C38: BUY NOTHING DAY | D38: 45989 | E38: Tompkins Square Park | F38: Park / public space | G38: East Village, Manhattan | I38: https://buttondown.com/nycofftech/archive/nyc-off-tech-november/ | J38: =IF(COUNTIFS($E$2:E38,E38,$A$2:A38,A38)=1,1,0) -> 0
A39: 45962 | B39: NYC Off Tech — NOVEMBER | C39: McGolrick Park Bird Club | D39: 45990 | E39: McGolrick Park | F39: Park / public space | G39: Greenpoint, Brooklyn | I39: https://buttondown.com/nycofftech/archive/nyc-off-tech-november/ | J39: =IF(COUNTIFS($E$2:E39,E39,$A$2:A39,A39)=1,1,0) -> 1
A40: 45962 | B40: NYC Off Tech — NOVEMBER | C40: Spotify Deletion Dance Party | D40: 45997 | E40: boshi's place | F40: Arts / community space | G40: East Williamsburg, Brooklyn | I40: https://buttondown.com/nycofftech/archive/nyc-off-tech-november/ | J40: =IF(COUNTIFS($E$2:E40,E40,$A$2:A40,A40)=1,1,0) -> 1
A41: 45975 | B41: NYC Off Tech Mid-November Updates | C41: SoRA Attention Lab "COALITION" | D41: 45963 | E41: Strother School of Radical Attention (SoRA) | F41: Arts / community space | G41: DUMBO, Brooklyn (listed as 'DUMBO') | H41: School of Radical Attention (SoRA) | I41: https://buttondown.com/nycofftech/archive/nyc-off-tech-mid-november-updates/ | J41: =IF(COUNTIFS($E$2:E41,E41,$A$2:A41,A41)=1,1,0) -> 1
A42: 45975 | B42: NYC Off Tech Mid-November Updates | C42: ScreenMime | D42: 45969 | E42: Apple Store Fifth Avenue ('the Cube') | F42: Retail (protest site) | G42: Fifth Ave & Central Park S, Manhattan | I42: https://buttondown.com/nycofftech/archive/nyc-off-tech-mid-november-updates/ | J42: =IF(COUNTIFS($E$2:E42,E42,$A$2:A42,A42)=1,1,0) -> 1
A43: 45975 | B43: NYC Off Tech Mid-November Updates | C43: SHOULD WE GET OFF? | D43: 45975 | E43: 875 Third Ave. (POPS, Lower Level) | F43: Park / public space | G43: Midtown East, Manhattan | I43: https://buttondown.com/nycofftech/archive/nyc-off-tech-mid-november-updates/ | J43: =IF(COUNTIFS($E$2:E43,E43,$A$2:A43,A43)=1,1,0) -> 1
A44: 45975 | B44: NYC Off Tech Mid-November Updates | C44: BE A NEW YORKER 101 | D44: 45976 | E44: Tompkins Square Park | F44: Park / public space | G44: East Village, Manhattan | H44: Lamp Club | I44: https://buttondown.com/nycofftech/archive/nyc-off-tech-mid-november-updates/ | J44: =IF(COUNTIFS($E$2:E44,E44,$A$2:A44,A44)=1,1,0) -> 1
A45: 45975 | B45: NYC Off Tech Mid-November Updates | C45: Passion Party: Parallel Play | D45: 45979 | E45: Undisclosed address — Bushwick | F45: Undisclosed (neighborhood only) | G45: Bushwick | H45: Rebecca Lipsitch (How Do We Play) | I45: https://buttondown.com/nycofftech/archive/nyc-off-tech-mid-november-updates/ | J45: =IF(COUNTIFS($E$2:E45,E45,$A$2:A45,A45)=1,1,0) -> 1
A46: 45975 | B46: NYC Off Tech Mid-November Updates | C46: SoRA Train-the-Trainer | D46: 45980 | E46: Strother School of Radical Attention (SoRA) | F46: Arts / community space | G46: DUMBO, Brooklyn (listed as 'DUMBO') | H46: School of Radical Attention (SoRA) | I46: https://buttondown.com/nycofftech/archive/nyc-off-tech-mid-november-updates/ | J46: =IF(COUNTIFS($E$2:E46,E46,$A$2:A46,A46)=1,1,0) -> 0
A47: 45975 | B47: NYC Off Tech Mid-November Updates | C47: Offline Book Club: Filterworld | D47: 45981 | E47: Stavros Niarchos Foundation Library (NYPL) | F47: Library | G47: Midtown, Manhattan | H47: NYPL Offline Book Club | I47: https://buttondown.com/nycofftech/archive/nyc-off-tech-mid-november-updates/ | J47: =IF(COUNTIFS($E$2:E47,E47,$A$2:A47,A47)=1,1,0) -> 1
A48: 45975 | B48: NYC Off Tech Mid-November Updates | C48: Attention Lab SANCTUARY | D48: 45981 | E48: Strother School of Radical Attention (SoRA) | F48: Arts / community space | G48: DUMBO, Brooklyn (listed as 'DUMBO') | H48: School of Radical Attention (SoRA) | I48: https://buttondown.com/nycofftech/archive/nyc-off-tech-mid-november-updates/ | J48: =IF(COUNTIFS($E$2:E48,E48,$A$2:A48,A48)=1,1,0) -> 0
A49: 45975 | B49: NYC Off Tech Mid-November Updates | C49: dumb.co Phone-Free Afterparty | D49: 45982 | E49: Fulton Hall | F49: Event venue / club | G49: Fort Greene, Brooklyn | H49: dumb.co | I49: https://buttondown.com/nycofftech/archive/nyc-off-tech-mid-november-updates/ | J49: =IF(COUNTIFS($E$2:E49,E49,$A$2:A49,A49)=1,1,0) -> 1
A50: 45975 | B50: NYC Off Tech Mid-November Updates | C50: Consumption Book Club: Land of Milk and Honey | D50: 45983 | E50: telos.haus | F50: Arts / community space | G50: Brooklyn | H50: Consumption Book Club | I50: https://buttondown.com/nycofftech/archive/nyc-off-tech-mid-november-updates/ | J50: =IF(COUNTIFS($E$2:E50,E50,$A$2:A50,A50)=1,1,0) -> 1
A51: 45975 | B51: NYC Off Tech Mid-November Updates | C51: BUY NOTHING DAY | D51: 45989 | E51: Tompkins Square Park | F51: Park / public space | G51: East Village, Manhattan | I51: https://buttondown.com/nycofftech/archive/nyc-off-tech-mid-november-updates/ | J51: =IF(COUNTIFS($E$2:E51,E51,$A$2:A51,A51)=1,1,0) -> 0
A52: 45975 | B52: NYC Off Tech Mid-November Updates | C52: 'Monthly Molting' Ecology Workshop (Ginkgo) | D52: 45991 | E52: Fort Greene Park | F52: Park / public space | G52: Fort Greene, Brooklyn | H52: Kyle Barnes / Chimeras Collective | I52: https://buttondown.com/nycofftech/archive/nyc-off-tech-mid-november-updates/ | J52: =IF(COUNTIFS($E$2:E52,E52,$A$2:A52,A52)=1,1,0) -> 1
A53: 45992 | B53: NYC Off Tech — DECEMBER | C53: Sidewalk Study "PLAYING the POLITICAL" | D53: 45992 | E53: Undisclosed address — FiDi | F53: Undisclosed (neighborhood only) | G53: FiDi | H53: SoRA Study Corps | I53: https://buttondown.com/nycofftech/archive/nyc-off-tech-december/ | J53: =IF(COUNTIFS($E$2:E53,E53,$A$2:A53,A53)=1,1,0) -> 1
A54: 45992 | B54: NYC Off Tech — DECEMBER | C54: HARD RESET Comedy Night | D54: 45993 | E54: Marylou | F54: Cafe / bar / restaurant | G54: East Village, Manhattan | H54: Hard Reset | I54: https://buttondown.com/nycofftech/archive/nyc-off-tech-december/ | J54: =IF(COUNTIFS($E$2:E54,E54,$A$2:A54,A54)=1,1,0) -> 1
A55: 45992 | B55: NYC Off Tech — DECEMBER | C55: SoRA Attention Lab "COALITION" | D55: 45994 | E55: Strother School of Radical Attention (SoRA) | F55: Arts / community space | G55: DUMBO, Brooklyn (listed as 'DUMBO') | H55: School of Radical Attention (SoRA) | I55: https://buttondown.com/nycofftech/archive/nyc-off-tech-december/ | J55: =IF(COUNTIFS($E$2:E55,E55,$A$2:A55,A55)=1,1,0) -> 1
A56: 45992 | B56: NYC Off Tech — DECEMBER | C56: Cold Moon Party | D56: 45995 | E56: Prospect Park (incl. Boathouse, Fallkill Falls, Rose Garden) | F56: Park / public space | G56: Brooklyn | H56: Kyle Barnes / Chimeras Collective | I56: https://buttondown.com/nycofftech/archive/nyc-off-tech-december/ | J56: =IF(COUNTIFS($E$2:E56,E56,$A$2:A56,A56)=1,1,0) -> 1
A57: 45992 | B57: NYC Off Tech — DECEMBER | C57: Consumption Book Club: Land of Milk and Honey | D57: 45996 | E57: telos.haus | F57: Arts / community space | G57: Brooklyn | H57: Consumption Book Club | I57: https://buttondown.com/nycofftech/archive/nyc-off-tech-december/ | J57: =IF(COUNTIFS($E$2:E57,E57,$A$2:A57,A57)=1,1,0) -> 1
A58: 45992 | B58: NYC Off Tech — DECEMBER | C58: Study Corps: Poetry Intervention | D58: 45997 | E58: Bryant Park | F58: Park / public space | G58: Midtown, Manhattan | H58: SoRA Study Corps | I58: https://buttondown.com/nycofftech/archive/nyc-off-tech-december/ | J58: =IF(COUNTIFS($E$2:E58,E58,$A$2:A58,A58)=1,1,0) -> 1
A59: 45992 | B59: NYC Off Tech — DECEMBER | C59: Spotify Unwrapped | D59: 45997 | E59: boshi's place | F59: Arts / community space | G59: East Williamsburg, Brooklyn | H59: boshi's place & Lamp Club | I59: https://buttondown.com/nycofftech/archive/nyc-off-tech-december/ | J59: =IF(COUNTIFS($E$2:E59,E59,$A$2:A59,A59)=1,1,0) -> 1
A60: 45992 | B60: NYC Off Tech — DECEMBER | C60: How Do We Play?: Parallel Play | D60: 45998 | E60: Undisclosed address — Bushwick | F60: Undisclosed (neighborhood only) | G60: Bushwick | H60: Rebecca Lipsitch (How Do We Play) | I60: https://buttondown.com/nycofftech/archive/nyc-off-tech-december/ | J60: =IF(COUNTIFS($E$2:E60,E60,$A$2:A60,A60)=1,1,0) -> 1
A61: 45992 | B61: NYC Off Tech — DECEMBER | C61: All Tech Is Human Responsible Tech Mixer | D61: 45999 | E61: Kingston Hall | F61: Event venue / club | G61: Manhattan | H61: All Tech Is Human | I61: https://buttondown.com/nycofftech/archive/nyc-off-tech-december/ | J61: =IF(COUNTIFS($E$2:E61,E61,$A$2:A61,A61)=1,1,0) -> 1
A62: 45992 | B62: NYC Off Tech — DECEMBER | C62: Heat Initiative Day of Action | D62: 46000 | E62: Apple Stores (various) | F62: Retail (protest site) | G62: Citywide | H62: Heat Initiative | I62: https://buttondown.com/nycofftech/archive/nyc-off-tech-december/ | J62: =IF(COUNTIFS($E$2:E62,E62,$A$2:A62,A62)=1,1,0) -> 1
A63: 45992 | B63: NYC Off Tech — DECEMBER | C63: ACTION Potluck | D63: 46003 | E63: Undisclosed address — Crown Heights | F63: Undisclosed (neighborhood only) | G63: Crown Heights | H63: Connor Griffin | I63: https://buttondown.com/nycofftech/archive/nyc-off-tech-december/ | J63: =IF(COUNTIFS($E$2:E63,E63,$A$2:A63,A63)=1,1,0) -> 1
A64: 45992 | B64: NYC Off Tech — DECEMBER | C64: Idealist Poetry Showcase | D64: 46003 | E64: Undisclosed address — Midtown | F64: Undisclosed (neighborhood only) | G64: Midtown | H64: Sedona Rose (Listening Lab) | I64: https://buttondown.com/nycofftech/archive/nyc-off-tech-december/ | J64: =IF(COUNTIFS($E$2:E64,E64,$A$2:A64,A64)=1,1,0) -> 1
A65: 45992 | B65: NYC Off Tech — DECEMBER | C65: S.H.I.T.P.H.O.N.E. III | D65: 46004 | E65: Apple Store Fifth Avenue ('the Cube') | F65: Retail (protest site) | G65: Fifth Ave & Central Park S, Manhattan | I65: https://buttondown.com/nycofftech/archive/nyc-off-tech-december/ | J65: =IF(COUNTIFS($E$2:E65,E65,$A$2:A65,A65)=1,1,0) -> 1
A66: 45992 | B66: NYC Off Tech — DECEMBER | C66: Press Play Fair | D66: 46005 | E66: Pioneer Works | F66: Arts / community space | G66: Red Hook, Brooklyn | H66: Micaela Durand | I66: https://buttondown.com/nycofftech/archive/nyc-off-tech-december/ | J66: =IF(COUNTIFS($E$2:E66,E66,$A$2:A66,A66)=1,1,0) -> 1
A67: 45992 | B67: NYC Off Tech — DECEMBER | C67: Monthly Molting: Goose | D67: 46005 | E67: Prospect Park (incl. Boathouse, Fallkill Falls, Rose Garden) | F67: Park / public space | G67: Brooklyn | H67: Kyle Barnes / Chimeras Collective | I67: https://buttondown.com/nycofftech/archive/nyc-off-tech-december/ | J67: =IF(COUNTIFS($E$2:E67,E67,$A$2:A67,A67)=1,1,0) -> 0
A68: 45992 | B68: NYC Off Tech — DECEMBER | C68: Christmas Presence w/ August Lamm & Andy Henley | D68: 46005 | E68: T.J. Byrnes | F68: Cafe / bar / restaurant | G68: 77 Fulton St., FiDi, Manhattan | H68: August Lamm | I68: https://buttondown.com/nycofftech/archive/nyc-off-tech-december/ | J68: =IF(COUNTIFS($E$2:E68,E68,$A$2:A68,A68)=1,1,0) -> 1
A69: 45992 | B69: NYC Off Tech — DECEMBER | C69: Social Infrastructure Building | D69: 46005 | E69: Undisclosed address — Lower Manhattan | F69: Undisclosed (neighborhood only) | G69: Lower Manhattan | H69: Appstinence | I69: https://buttondown.com/nycofftech/archive/nyc-off-tech-december/ | J69: =IF(COUNTIFS($E$2:E69,E69,$A$2:A69,A69)=1,1,0) -> 1
A70: 45992 | B70: NYC Off Tech — DECEMBER | C70: Offline Book Club: Mood Machine | D70: 46009 | E70: Stavros Niarchos Foundation Library (NYPL) | F70: Library | G70: Midtown, Manhattan | H70: NYPL Offline Book Club | I70: https://buttondown.com/nycofftech/archive/nyc-off-tech-december/ | J70: =IF(COUNTIFS($E$2:E70,E70,$A$2:A70,A70)=1,1,0) -> 1
A71: 45992 | B71: NYC Off Tech — DECEMBER | C71: McGolrick Park Bird Club | D71: 46018 | E71: McGolrick Park | F71: Park / public space | G71: Greenpoint, Brooklyn | I71: https://buttondown.com/nycofftech/archive/nyc-off-tech-december/ | J71: =IF(COUNTIFS($E$2:E71,E71,$A$2:A71,A71)=1,1,0) -> 1
A72: 45992 | B72: NYC Off Tech — DECEMBER | C72: Awareness-Building Meditation | D72: 46020 | E72: Undisclosed address — Crown Heights | F72: Undisclosed (neighborhood only) | G72: Crown Heights | H72: Phil Nguyen | I72: https://buttondown.com/nycofftech/archive/nyc-off-tech-december/ | J72: =IF(COUNTIFS($E$2:E72,E72,$A$2:A72,A72)=1,1,0) -> 0
A73: 46004 | B73: NYC Off Tech — Mid-December Updates | C73: SoRA Attention Lab "COALITION" | D73: 45994 | E73: Strother School of Radical Attention (SoRA) | F73: Arts / community space | G73: DUMBO, Brooklyn (listed as 'DUMBO') | H73: School of Radical Attention (SoRA) | I73: https://buttondown.com/nycofftech/archive/nyc-off-tech-mid-december-updates/ | J73: =IF(COUNTIFS($E$2:E73,E73,$A$2:A73,A73)=1,1,0) -> 1
A74: 46004 | B74: NYC Off Tech — Mid-December Updates | C74: S.H.I.T.P.H.O.N.E. III | D74: 46004 | E74: Apple Store Fifth Avenue ('the Cube') | F74: Retail (protest site) | G74: Fifth Ave & Central Park S, Manhattan | I74: https://buttondown.com/nycofftech/archive/nyc-off-tech-mid-december-updates/ | J74: =IF(COUNTIFS($E$2:E74,E74,$A$2:A74,A74)=1,1,0) -> 1
A75: 46004 | B75: NYC Off Tech — Mid-December Updates | C75: REALITY CHECK: Creating a New Normal | D75: 46005 | E75: Hungry Llama | F75: Cafe / bar / restaurant | G75: Manhattan | H75: Appstinence | I75: https://buttondown.com/nycofftech/archive/nyc-off-tech-mid-december-updates/ | J75: =IF(COUNTIFS($E$2:E75,E75,$A$2:A75,A75)=1,1,0) -> 1
A76: 46004 | B76: NYC Off Tech — Mid-December Updates | C76: Press Play | D76: 46005 | E76: Pioneer Works | F76: Arts / community space | G76: Red Hook, Brooklyn | H76: Micaela Durand | I76: https://buttondown.com/nycofftech/archive/nyc-off-tech-mid-december-updates/ | J76: =IF(COUNTIFS($E$2:E76,E76,$A$2:A76,A76)=1,1,0) -> 1
A77: 46004 | B77: NYC Off Tech — Mid-December Updates | C77: Monthly Molting: Goose | D77: 46005 | E77: Prospect Park (incl. Boathouse, Fallkill Falls, Rose Garden) | F77: Park / public space | G77: Brooklyn | H77: Kyle Barnes / Chimeras Collective | I77: https://buttondown.com/nycofftech/archive/nyc-off-tech-mid-december-updates/ | J77: =IF(COUNTIFS($E$2:E77,E77,$A$2:A77,A77)=1,1,0) -> 1
A78: 46004 | B78: NYC Off Tech — Mid-December Updates | C78: Christmas Presence w/ August Lamm & Andy Henley | D78: 46005 | E78: T.J. Byrnes | F78: Cafe / bar / restaurant | G78: 77 Fulton St., FiDi, Manhattan | H78: August Lamm | I78: https://buttondown.com/nycofftech/archive/nyc-off-tech-mid-december-updates/ | J78: =IF(COUNTIFS($E$2:E78,E78,$A$2:A78,A78)=1,1,0) -> 1
A79: 46004 | B79: NYC Off Tech — Mid-December Updates | C79: BETTER MAN (M.A.G.L.A.R.&O!) | D79: 46008 | E79: Undisclosed address — Prospect Heights | F79: Undisclosed (neighborhood only) | G79: Prospect Heights | H79: M.A.G.L.A.R.O! | I79: https://buttondown.com/nycofftech/archive/nyc-off-tech-mid-december-updates/ | J79: =IF(COUNTIFS($E$2:E79,E79,$A$2:A79,A79)=1,1,0) -> 1
A80: 46004 | B80: NYC Off Tech — Mid-December Updates | C80: Offline Book Club: Mood Machine | D80: 46009 | E80: Stavros Niarchos Foundation Library (NYPL) | F80: Library | G80: Midtown, Manhattan | H80: NYPL Offline Book Club | I80: https://buttondown.com/nycofftech/archive/nyc-off-tech-mid-december-updates/ | J80: =IF(COUNTIFS($E$2:E80,E80,$A$2:A80,A80)=1,1,0) -> 1
A81: 46004 | B81: NYC Off Tech — Mid-December Updates | C81: New Year's DELETE DAY | D81: 46025 | E81: Undisclosed address — Fort Greene | F81: Undisclosed (neighborhood only) | G81: Fort Greene | H81: Dan Fox (Phone-Free Adelphi) | I81: https://buttondown.com/nycofftech/archive/nyc-off-tech-mid-december-updates/ | J81: =IF(COUNTIFS($E$2:E81,E81,$A$2:A81,A81)=1,1,0) -> 1
A82: 46024 | B82: NYC Off Tech — JANUARY | C82: Poetry Project New Year's Day Marathon | D82: 46023 | E82: St. Mark's Church in-the-Bowery | F82: Church / meeting house | G82: East Village, Manhattan | H82: The Poetry Project | I82: https://buttondown.com/nycofftech/archive/nyc-off-tech-january/ | J82: =IF(COUNTIFS($E$2:E82,E82,$A$2:A82,A82)=1,1,0) -> 1
A83: 46024 | B83: NYC Off Tech — JANUARY | C83: Poster Party BROOKLYN | D83: 46024 | E83: telos.haus | F83: Arts / community space | G83: Brooklyn | H83: SoRA community | I83: https://buttondown.com/nycofftech/archive/nyc-off-tech-january/ | J83: =IF(COUNTIFS($E$2:E83,E83,$A$2:A83,A83)=1,1,0) -> 1
A84: 46024 | B84: NYC Off Tech — JANUARY | C84: New Year's Delete Day | D84: 46025 | E84: Undisclosed address — Fort Greene | F84: Undisclosed (neighborhood only) | G84: Fort Greene | H84: Dan Fox (Phone-Free Adelphi) | I84: https://buttondown.com/nycofftech/archive/nyc-off-tech-january/ | J84: =IF(COUNTIFS($E$2:E84,E84,$A$2:A84,A84)=1,1,0) -> 1
A85: 46024 | B85: NYC Off Tech — JANUARY | C85: Wolf Moon | D85: 46025 | E85: Undisclosed address — Park Slope | F85: Undisclosed (neighborhood only) | G85: Park Slope | H85: Kyle Barnes / Chimeras Collective | I85: https://buttondown.com/nycofftech/archive/nyc-off-tech-january/ | J85: =IF(COUNTIFS($E$2:E85,E85,$A$2:A85,A85)=1,1,0) -> 1
A86: 46024 | B86: NYC Off Tech — JANUARY | C86: Month Offline Begins! | D86: 46027 | E86: Baby's All Right | F86: Event venue / club | G86: Williamsburg, Brooklyn | H86: Month Offline | I86: https://buttondown.com/nycofftech/archive/nyc-off-tech-january/ | J86: =IF(COUNTIFS($E$2:E86,E86,$A$2:A86,A86)=1,1,0) -> 1
... A91: 46024 | B91: NYC Off Tech — JANUARY | C91: Offline Book Club: Hum | D91: 46037 | E91: Stavros Niarchos Foundation Library (NYPL) | F91: Library | G91: Midtown, Manhattan | H91: NYPL Offline Book Club | I91: https://buttondown.com/nycofftech/archive/nyc-off-tech-january/ | J91: =IF(COUNTIFS($E$2:E91,E91,$A$2:A91,A91)=1,1,0) -> 1
A92: 46024 | B92: NYC Off Tech — JANUARY | C92: ATTENSITY! Flash Mob | D92: 46039 | E92: Washington Square Park | F92: Park / public space | G92: Greenwich Village, Manhattan | I92: https://buttondown.com/nycofftech/archive/nyc-off-tech-january/ | J92: =IF(COUNTIFS($E$2:E92,E92,$A$2:A92,A92)=1,1,0) -> 1
A93: 46024 | B93: NYC Off Tech — JANUARY | C93: An Evening of Music (Andy & August) | D93: 46040 | E93: T.J. Byrnes | F93: Cafe / bar / restaurant | G93: 77 Fulton St., FiDi, Manhattan | H93: August Lamm & Andy Henley | I93: https://buttondown.com/nycofftech/archive/nyc-off-tech-january/ | J93: =IF(COUNTIFS($E$2:E93,E93,$A$2:A93,A93)=1,1,0) -> 1
A94: 46024 | B94: NYC Off Tech — JANUARY | C94: Appstinence IRL Office Hours | D94: 46040 | E94: telos.haus | F94: Arts / community space | G94: Brooklyn | H94: Appstinence | I94: https://buttondown.com/nycofftech/archive/nyc-off-tech-january/ | J94: =IF(COUNTIFS($E$2:E94,E94,$A$2:A94,A94)=1,1,0) -> 0
A95: 46024 | B95: NYC Off Tech — JANUARY | C95: Awareness-Building Meditation | D95: 46041 | E95: Undisclosed address — Greenpoint | F95: Undisclosed (neighborhood only) | G95: Greenpoint | H95: Phil Nguyen | I95: https://buttondown.com/nycofftech/archive/nyc-off-tech-january/ | J95: =IF(COUNTIFS($E$2:E95,E95,$A$2:A95,A95)=1,1,0) -> 1
A96: 46024 | B96: NYC Off Tech — JANUARY | C96: ATTENSITY! Launch Party | D96: 46042 | E96: Judson Memorial Church | F96: Church / meeting house | G96: Greenwich Village, Manhattan | H96: Friends of Attention | I96: https://buttondown.com/nycofftech/archive/nyc-off-tech-january/ | J96: =IF(COUNTIFS($E$2:E96,E96,$A$2:A96,A96)=1,1,0) -> 1
A97: 46024 | B97: NYC Off Tech — JANUARY | C97: Zing x Verci Phone-Free Cafe Night | D97: 46043 | E97: Verci Flatiron | F97: Cafe / bar / restaurant | G97: Flatiron, Manhattan | H97: Zing | I97: https://buttondown.com/nycofftech/archive/nyc-off-tech-january/ | J97: =IF(COUNTIFS($E$2:E97,E97,$A$2:A97,A97)=1,1,0) -> 1
A98: 46024 | B98: NYC Off Tech — JANUARY | C98: Action Potluck | D98: 46045 | E98: Undisclosed address — Crown Heights | F98: Undisclosed (neighborhood only) | G98: Crown Heights | H98: Connor Griffin | I98: https://buttondown.com/nycofftech/archive/nyc-off-tech-january/ | J98: =IF(COUNTIFS($E$2:E98,E98,$A$2:A98,A98)=1,1,0) -> 1
A99: 46024 | B99: NYC Off Tech — JANUARY | C99: Circle Time (Parallel Play) | D99: 46047 | E99: Undisclosed address — Bushwick | F99: Undisclosed (neighborhood only) | G99: Bushwick | H99: Rebecca Lipsitch (How Do We Play) | I99: https://buttondown.com/nycofftech/archive/nyc-off-tech-january/ | J99: =IF(COUNTIFS($E$2:E99,E99,$A$2:A99,A99)=1,1,0) -> 0
A100: 46024 | B100: NYC Off Tech — JANUARY | C100: Event Facilitator Training | D100: 46049 | E100: 222 Bowery (Giorno Poetry Systems) | F100: Arts / community space | G100: Bowery, Manhattan | H100: NYC Off Tech organizers | I100: https://buttondown.com/nycofftech/archive/nyc-off-tech-january/ | J100: =IF(COUNTIFS($E$2:E100,E100,$A$2:A100,A100)=1,1,0) -> 1
A101: 46038 | B101: NYC Off Tech — Mid-January Updates | C101: SoRA Attention Lab STUDY | D101: 46029 | E101: Strother School of Radical Attention (SoRA) | F101: Arts / community space | G101: DUMBO, Brooklyn (listed as 'DUMBO') | H101: School of Radical Attention (SoRA) | I101: https://buttondown.com/nycofftech/archive/nyc-off-tech-mid-january-updates/ | J101: =IF(COUNTIFS($E$2:E101,E101,$A$2:A101,A101)=1,1,0) -> 1
A102: 46038 | B102: NYC Off Tech — Mid-January Updates | C102: Offline Book Club: Hum | D102: 46037 | E102: Stavros Niarchos Foundation Library (NYPL) | F102: Library | G102: Midtown, Manhattan | H102: NYPL Offline Book Club | I102: https://buttondown.com/nycofftech/archive/nyc-off-tech-mid-january-updates/ | J102: =IF(COUNTIFS($E$2:E102,E102,$A$2:A102,A102)=1,1,0) -> 1
A103: 46038 | B103: NYC Off Tech — Mid-January Updates | C103: Letter Writing Soirée | D103: 46039 | E103: Undisclosed address — East Village | F103: Undisclosed (neighborhood only) | G103: East Village | H103: Amelia Gorman | I103: https://buttondown.com/nycofftech/archive/nyc-off-tech-mid-january-updates/ | J103: =IF(COUNTIFS($E$2:E103,E103,$A$2:A103,A103)=1,1,0) -> 1
A104: 46038 | B104: NYC Off Tech — Mid-January Updates | C104: ATTENSITY! Flash Mob | D104: 46039 | E104: Washington Square Park | F104: Park / public space | G104: Greenwich Village, Manhattan | H104: School of Radical Attention (SoRA) | I104: https://buttondown.com/nycofftech/archive/nyc-off-tech-mid-january-updates/ | J104: =IF(COUNTIFS($E$2:E104,E104,$A$2:A104,A104)=1,1,0) -> 1
...

Sheet About
A1: About this workbook
A3: Source | B3: Every issue in the NYC Off Tech archive (buttondown.com/nycofftech/archive), 27 issues from Oct 2, 2025 through Oct 16, 2026, read Oct 26, 2026.
A4: What counts as a reference | B4: One event listing in one issue. If a mid-month update re-lists an event from the monthly issue, that's a second reference. A recurring series (e.g. weekly Crafternoon) counts once per issue, dated to its last listed occurrence in that issue.
A5: Times referenced vs. Issues referencing | B5: 'Times referenced' counts event listings; 'Issues referencing' counts how many distinct issues mention the venue at all.
A6: Most recent reference | B6: Latest issue that listed the venue. 'Latest event date listed' can be in the future (e.g. November events in the mid-October issue).
A7: Most common host | B7: Mode of the hosts named in listings for that venue; blank-host listings are ignored. Ties are broken by most recent listing and flagged. Host names were lightly normalized (e.g. 'Chimeras Collective' and 'Kyle Barnes' merged; all 'SoRA' variants merged; Study Corps kept separate). For the Summer of Ludd festival schedule, events without a named host are credited to Summer of Ludd.
A8: Venue merges | B8: Name variants were merged: e.g. 'Tompkins Sq. Park'/'Hare Krishna Tree' → Tompkins Square Park; '15 Rutherford Pl.'/'Quaker Meeting House'/'Earth Chxrch' → 15th Street Quaker Meeting House; all SNFL rooms → Stavros Niarchos Foundation Library; 'Central Library'/'Bklyn Central Library' → BPL Central Library; Forum/Bollinger Forum → Columbia; 'the Cube' → Apple Store Fifth Ave; Fallkill Falls/Boathouse/Rose Garden → Prospect Park; 'NoAD' → National Academy of Design.
A9: DUMBO | B9: SoRA events listed only as 'DUMBO' are attributed to the Strother School of Radical Attention's DUMBO space (the newsletter places SoRA in Dumbo). SoRA Attention Labs with no location given were treated the same.
A10: Excluded | B10: Online/Zoom/Jitsi events, 'TBA'/'TBD', 'Various locations', deadlines, and city-only locations (Kenya, Philadelphia, 'Brooklyn'). Neighborhood-only private addresses ARE included as grey 'Undisclosed address — <neighborhood>' rows.
A11: Caveat | B11: Listings were extracted from each issue's web page text; a few calendar-grid-only items with no stated location may be missed, and some event details are images in the original.
